תאריך רכישה,שם בית עסק,סכום חיוב,מטבע חיוב
02/07/2026,NETFLIX.COM,54.90,₪
03/07/2026,שופרסל דיל,312.45,₪
05/07/2026,SPOTIFY,21.90,₪
08/07/2026,פז דלק,250.00,₪
12/07/2026,קפה גרג,38.00,₪
15/07/2026,הולמס פלייס,199.00,₪
02/08/2026,NETFLIX.COM,54.90,₪
04/08/2026,רמי לוי,287.30,₪
05/08/2026,SPOTIFY,21.90,₪
11/08/2026,ZARA,349.90,₪
15/08/2026,הולמס פלייס,199.00,₪
20/08/2026,פז דלק,230.00,₪
02/09/2026,NETFLIX.COM,59.90,₪
05/09/2026,SPOTIFY,21.90,₪
09/09/2026,שופרסל דיל,401.20,₪
15/09/2026,הולמס פלייס,199.00,₪
18/09/2026,קפה גרג,42.00,₪